epoch,vmrss_kb,read_bytes,write_bytes
1784971789.306963039,4144,6103040,102400
1784971789.415670204,4144,6103040,102400
1784971789.520369032,4144,6103040,102400
1784971789.624893312,4144,6103040,102400
1784971789.730316150,4144,6103040,102400
1784971789.837708568,4144,6103040,102400
1784971789.945445540,4144,6103040,102400
1784971790.049581827,4144,6103040,102400
1784971790.153541693,4144,6103040,102400
1784971790.258406280,4144,6103040,102400
1784971790.364183502,4144,6103040,102400
1784971790.475252238,4144,6103040,102400
1784971790.580915885,4144,6103040,102400
1784971790.684798285,4144,6103040,102400
1784971790.789317110,4144,6103040,102400
1784971790.893863256,4144,6103040,102400
1784971791.000724952,4144,6103040,102400
1784971791.111391242,4144,6103040,102400
1784971791.217864237,4144,6103040,102400
1784971791.321572049,4144,6103040,102400
1784971791.425395517,4144,6103040,102400
1784971791.529888603,4144,6103040,102400
1784971791.636327655,4144,6103040,102400
1784971791.745928379,4144,6103040,102400
1784971791.850832615,4144,6103040,102400
1784971791.955279763,4144,6103040,102400
1784971792.059763354,4144,6103040,102400
1784971792.165439162,4144,6103040,102400
1784971792.276187332,4144,6103040,102400
1784971792.381285940,4144,6103040,102400
1784971792.485439178,4144,6103040,102400
1784971792.589391256,4144,6103040,102400
1784971792.694204824,4144,6103040,102400
1784971792.800491943,4144,6103040,102400
1784971792.911349065,4144,6103040,102400
1784971793.017603782,4144,6103040,102400
1784971793.121270653,4144,6103040,102400
1784971793.225654080,4144,6103040,102400
1784971793.329483504,4144,6103040,102400
1784971793.435699697,4144,6103040,102400
1784971793.543921411,4144,6103040,102400
1784971793.650074298,4144,6103040,102400
1784971793.754766837,4144,6103040,102400
1784971793.858397350,4144,6103040,102400
1784971793.963004844,4144,6103040,102400
