window_idx,window_start_s,bytes_read_per_sec,bytes_written_per_sec,rw_volume_ratio,file_deletion_rate,file_rename_rate,target_extension_velocity,seq_vs_random_disk_ratio,urandom_bytes_per_sec,mmap_brk_rate,mprotect_rate,futex_rate,net_packet_rate,net_byte_volume,unique_dest_ip_rate,dns_query_rate,connection_failure_rate,child_spawn_rate,execve_rate,syscall_sequence_entropy,io_burstiness_std,dir_ops,drop_rate,ransom_note_hits,library_call_rate_openssl,vmrss_kb,mean_file_entropy,time_to_first_encryption_s,encryption_slope,file_entropy_delta
0,0.0,0,0,0.0,0,0,0,0,0,0,0,0,0,0,0,0,0,0,0,0.0,0.0,0,0,0,0,0,0.0,0.0,0.0,0.0
1,0.1,0,0,0.0,0,0,0,0,0,0,0,0,0,0,0,0,0,0,10,-0.0,0.0,0,0,0,0,0,0.0,0.0,0.0,0.0
2,0.2,0,0,0.0,0,0,0,0,0,0,0,0,0,0,0,0,0,0,0,-0.0,0.0,0,0,0,0,0,0.0,0.0,0.0,0.0
3,0.3,0,0,0.0,0,0,0,0,0,0,0,0,0,0,0,0,0,0,0,-0.0,0.0,0,0,0,0,0,0.0,0.0,0.0,0.0
4,0.4,0,0,0.0,0,0,0,0,0,0,0,0,0,0,0,0,0,0,0,-0.0,0.0,0,0,0,0,0,0.0,0.0,0.0,0.0
5,0.5,0,0,0.0,0,0,0,0,0,0,0,0,0,0,0,0,0,0,0,-0.0,0.0,0,0,0,0,0,0.0,0.0,0.0,0.0
6,0.6,0,0,0.0,0,0,0,0,0,0,0,0,0,0,0,0,0,0,0,-0.0,0.0,0,0,0,0,0,0.0,0.0,0.0,0.0
7,0.7,0,0,0.0,0,0,0,0,0,0,0,0,0,0,0,0,0,0,0,-0.0,0.0,0,0,0,0,0,0.0,0.0,0.0,0.0
8,0.8,0,0,0.0,0,0,0,0,0,0,0,0,0,0,0,0,0,0,0,-0.0,0.0,0,0,0,0,0,0.0,0.0,0.0,0.0
9,0.9,0,0,0.0,0,0,0,0,0,0,0,0,0,0,0,0,0,0,0,-0.0,0.0,0,0,0,0,0,0.0,0.0,0.0,0.0
10,1.0,0,0,0.0,0,0,0,0,0,0,0,0,0,0,0,0,0,0,0,-0.0,0.0,0,0,0,0,0,0.0,0.0,0.0,0.0
11,1.1,0,0,0.0,0,0,0,0,0,0,0,0,0,0,0,0,0,0,0,-0.0,0.0,0,0,0,0,0,0.0,0.0,0.0,0.0
12,1.2,0,0,0.0,0,0,0,0,0,0,10,0,0,0,0,0,0,0,0,-0.0,0.0,0,0,0,0,0,0.0,0.0,0.0,0.0
13,1.3,0,0,0.0,0,0,0,0,0,0,0,0,0,0,0,0,0,0,0,-0.0,0.0,0,0,0,0,0,0.0,0.0,0.0,0.0
14,1.4,0,0,0.0,0,0,0,0,0,0,0,0,0,0,0,0,0,0,0,-0.0,0.0,0,0,0,0,0,0.0,0.0,0.0,0.0
15,1.5,0,0,0.0,0,0,0,0,0,0,0,0,0,0,0,0,0,0,0,-0.0,0.0,0,0,0,0,0,0.0,0.0,0.0,0.0
16,1.6,0,0,0.0,0,0,0,0,0,8454144,0,0,0,0,0,0,0,0,0,-0.0,0.0,0,0,0,0,0,0.0,0.0,0.0,0.0
17,1.7,0,0,0.0,0,0,0,0,0,0,0,0,0,0,0,0,0,0,0,-0.0,0.0,0,0,0,0,0,0.0,0.0,0.0,0.0
18,1.8,0,0,0.0,0,0,0,0,0,0,0,0,0,0,0,0,0,0,0,-0.0,0.0,0,0,0,0,0,0.0,0.0,0.0,0.0
19,1.9,0,0,0.0,0,0,0,0,0,0,0,0,0,0,0,0,0,10,0,-0.0,0.0,0,0,0,0,0,0.0,0.0,0.0,0.0
20,2.0,0,0,0.0,0,0,0,0,0,0,0,0,0,0,0,0,0,0,0,-0.0,0.0,0,0,0,0,0,0.0,0.0,0.0,0.0
21,2.1,0,0,0.0,0,0,0,0,0,0,0,0,0,0,0,0,0,0,0,-0.0,0.0,0,0,0,0,0,0.0,0.0,0.0,0.0
22,2.2,0,0,0.0,0,0,0,0,0,0,0,0,0,0,0,0,0,0,0,-0.0,0.0,0,0,0,0,0,0.0,0.0,0.0,0.0
23,2.3,0,0,0.0,0,0,0,0,0,0,0,0,0,0,0,0,0,0,0,-0.0,0.0,0,0,0,0,0,0.0,0.0,0.0,0.0
24,2.4,0,0,0.0,0,0,0,0,0,0,0,0,0,0,0,0,0,0,0,-0.0,0.0,0,0,0,0,0,0.0,0.0,0.0,0.0
25,2.5,0,0,0.0,0,0,0,0,0,134217728,0,0,0,0,0,0,0,0,0,-0.0,0.0,0,0,0,0,0,0.0,0.0,0.0,0.0
26,2.6,0,0,0.0,0,0,0,0,0,0,0,0,0,0,0,0,0,0,0,-0.0,0.0,0,0,0,0,0,0.0,0.0,0.0,0.0
27,2.7,0,0,0.0,0,0,0,0,0,0,0,0,0,0,0,0,0,0,0,-0.0,0.0,0,0,0,0,0,0.0,0.0,0.0,0.0
28,2.8,0,0,0.0,0,0,0,0,0,0,10,0,0,0,0,0,0,0,0,-0.0,0.0,0,0,0,0,0,0.0,0.0,0.0,0.0
29,2.9,0,0,0.0,0,0,0,0,0,0,0,0,0,0,0,0,0,0,0,-0.0,0.0,0,0,0,0,0,0.0,0.0,0.0,0.0
30,3.0,0,0,0.0,0,0,0,0,0,0,0,10,0,0,0,0,0,0,0,-0.0,0.0,0,0,0,0,0,0.0,0.0,0.0,0.0
31,3.1,0,0,0.0,0,0,0,0,0,0,0,0,0,0,0,0,0,0,0,-0.0,0.0,0,0,0,0,0,0.0,0.0,0.0,0.0
32,3.2,0,0,0.0,0,0,0,0,0,0,0,0,0,0,0,0,0,0,0,-0.0,0.0,0,0,0,0,0,0.0,0.0,0.0,0.0
33,3.3,0,0,0.0,0,0,0,0,0,0,0,0,0,0,0,0,0,0,0,-0.0,0.0,0,0,0,0,0,0.0,0.0,0.0,0.0
34,3.4,0,0,0.0,0,0,0,0,0,0,0,0,0,0,0,0,0,0,0,-0.0,0.0,0,0,0,0,0,0.0,0.0,0.0,0.0
35,3.5,0,0,0.0,0,0,0,0,0,0,0,0,0,0,0,0,0,0,0,-0.0,0.0,0,0,0,0,0,0.0,0.0,0.0,0.0
36,3.6,0,0,0.0,0,0,0,0,0,0,0,0,0,0,0,0,0,0,0,-0.0,0.0,0,0,0,0,0,0.0,0.0,0.0,0.0
37,3.7,0,0,0.0,0,0,0,0,0,0,0,0,0,0,0,0,0,0,0,-0.0,0.0,0,0,0,0,0,0.0,0.0,0.0,0.0
38,3.8,0,0,0.0,0,0,0,10,0,0,0,0,0,0,0,0,0,0,0,-0.0,0.0,0,0,0,0,0,0.0,0.0,0.0,0.0
39,3.9,640,0,0.0,0,0,0,0,0,0,0,0,0,0,0,0,0,0,0,-0.0,0.0,0,0,0,0,0,0.0,0.0,0.0,0.0
40,4.0,0,0,0.0,0,0,0,10,0,0,0,0,0,0,0,0,0,0,0,-0.0,0.0,0,0,0,0,0,0.0,0.0,0.0,0.0
41,4.1,0,0,0.0,0,0,0,0,0,0,0,0,0,0,0,0,0,0,0,-0.0,0.0,0,0,0,0,0,0.0,0.0,0.0,0.0
42,4.2,0,0,0.0,0,0,0,0,0,134217728,0,0,0,0,0,0,0,0,0,-0.0,0.0,0,0,0,0,0,0.0,0.0,0.0,0.0
43,4.3,0,0,0.0,0,0,0,0,0,0,0,0,0,0,0,0,0,0,0,-0.0,0.0,0,0,0,0,0,0.0,0.0,0.0,0.0
44,4.4,0,0,0.0,0,0,0,0,0,0,10,0,0,0,0,0,0,0,0,-0.0,0.0,0,0,0,0,0,0.0,0.0,0.0,0.0
45,4.5,0,0,0.0,0,0,0,0,0,0,0,0,0,0,0,0,0,0,0,-0.0,0.0,0,0,0,0,0,0.0,0.0,0.0,0.0
46,4.6,0,0,0.0,0,0,0,0,0,0,0,0,0,0,0,0,0,0,0,-0.0,0.0,0,0,0,0,0,0.0,0.0,0.0,0.0
47,4.7,0,0,0.0,0,0,0,0,0,0,0,0,0,0,0,0,0,0,0,-0.0,0.0,0,0,0,0,0,0.0,0.0,0.0,0.0
48,4.8,60,0,0.0,0,0,0,0,0,0,0,0,0,0,0,0,0,0,0,-0.0,0.0,0,0,0,0,0,0.0,0.0,0.0,0.0
49,4.9,0,0,0.0,0,0,0,10,0,0,0,0,0,0,0,0,0,0,0,-0.0,0.0,0,0,0,0,0,0.0,0.0,0.0,0.0
50,5.0,0,0,0.0,0,0,0,10,0,0,0,0,0,0,0,0,0,0,0,-0.0,0.0,0,0,0,0,0,0.0,0.0,0.0,0.0
51,5.1,0,0,0.0,0,0,0,0,0,0,0,0,0,0,0,0,0,0,0,-0.0,0.0,0,0,0,0,0,0.0,0.0,0.0,0.0
52,5.2,0,0,0.0,0,0,0,0,0,0,0,0,0,0,0,0,0,0,0,-0.0,0.0,0,0,0,0,0,0.0,0.0,0.0,0.0
53,5.3,0,0,0.0,0,0,0,0,0,0,0,0,0,0,0,0,0,0,0,-0.0,0.0,0,0,0,0,0,0.0,0.0,0.0,0.0
54,5.4,0,0,0.0,0,0,0,0,0,0,0,0,0,0,0,0,0,0,0,-0.0,0.0,0,0,0,0,0,0.0,0.0,0.0,0.0
55,5.5,0,0,0.0,0,0,0,0,0,0,0,0,0,0,0,0,0,0,0,-0.0,0.0,0,0,0,0,0,0.0,0.0,0.0,0.0
56,5.6,10240,0,0.0,0,0,0,0,0,0,0,0,0,0,0,0,0,0,0,-0.0,0.0,0,0,0,0,0,0.0,0.0,0.0,0.0
57,5.7,0,0,0.0,0,0,0,0,0,20480,0,0,0,0,0,0,0,0,0,-0.0,0.0,0,0,0,0,0,0.0,0.0,0.0,0.0
58,5.8,0,0,0.0,0,0,0,0,0,4096,0,0,0,0,0,0,0,0,0,-0.0,0.0,0,0,0,0,0,0.0,0.0,0.0,0.0
59,5.9,0,0,0.0,0,0,0,0,0,4096,0,0,0,0,0,0,0,0,0,-0.0,0.0,0,0,0,0,0,0.0,0.0,0.0,0.0
60,6.0,0,0,0.0,0,0,0,0,0,4096,0,0,0,0,0,0,0,0,0,-0.0,0.0,0,0,0,0,0,0.0,0.0,0.0,0.0
61,6.1,0,0,0.0,0,0,0,0,0,8192,0,0,0,0,0,0,0,0,0,-0.0,0.0,0,0,0,0,0,0.0,0.0,0.0,0.0
62,6.2,0,0,0.0,0,0,0,0,0,0,0,0,0,0,0,0,0,0,0,-0.0,0.0,0,0,0,0,0,0.0,0.0,0.0,0.0
63,6.3,0,0,0.0,0,0,0,0,0,0,0,0,0,0,0,0,0,0,0,-0.0,0.0,0,0,0,0,0,0.0,0.0,0.0,0.0
64,6.4,0,0,0.0,0,0,0,0,0,0,0,0,0,0,0,0,0,0,0,-0.0,0.0,0,0,0,0,0,0.0,0.0,0.0,0.0
65,6.5,0,0,0.0,0,0,0,0,0,0,0,0,0,0,0,0,0,0,0,-0.0,0.0,0,0,0,0,0,0.0,0.0,0.0,0.0
66,6.6,0,0,0.0,0,0,0,0,0,8392704,0,0,0,0,0,0,0,0,0,-0.0,0.0,0,0,0,0,0,0.0,0.0,0.0,0.0
67,6.7,0,0,0.0,0,0,0,0,0,0,10,0,0,0,0,0,0,0,0,-0.0,0.0,0,0,0,0,0,0.0,0.0,0.0,0.0
68,6.8,0,0,0.0,0,0,0,0,0,0,0,0,0,0,0,0,0,0,0,-0.0,0.0,0,0,0,0,0,0.0,0.0,0.0,0.0
69,6.9,0,0,0.0,0,0,0,0,0,0,0,0,0,0,0,0,0,0,0,-0.0,0.0,0,0,0,0,0,0.0,0.0,0.0,0.0
70,7.0,10240,0,0.0,0,0,0,0,0,0,0,0,0,0,0,0,0,0,0,-0.0,0.0,0,0,0,0,0,0.0,0.0,0.0,0.0
71,7.1,0,0,0.0,0,0,0,0,0,258048,0,0,0,0,0,0,0,0,0,-0.0,0.0,0,0,0,0,0,0.0,0.0,0.0,0.0
72,7.2,0,0,0.0,0,0,0,0,0,4096,0,0,0,0,0,0,0,0,0,-0.0,0.0,0,0,0,0,0,0.0,0.0,0.0,0.0
73,7.3,0,0,0.0,0,0,0,0,0,192512,0,0,0,0,0,0,0,0,0,-0.0,0.0,0,0,0,0,0,0.0,0.0,0.0,0.0
74,7.4,0,0,0.0,0,0,0,0,0,45056,0,0,0,0,0,0,0,0,0,-0.0,0.0,0,0,0,0,0,0.0,0.0,0.0,0.0
75,7.5,0,0,0.0,0,0,0,0,0,12288,0,0,0,0,0,0,0,0,0,-0.0,0.0,0,0,0,0,0,0.0,0.0,0.0,0.0
76,7.6,0,0,0.0,0,0,0,0,0,4096,0,0,0,0,0,0,0,0,0,-0.0,0.0,0,0,0,0,0,0.0,0.0,0.0,0.0
77,7.7,0,0,0.0,0,0,0,0,0,0,0,0,0,0,0,0,0,0,0,-0.0,0.0,0,0,0,0,0,0.0,0.0,0.0,0.0
78,7.8,0,0,0.0,0,0,0,0,0,0,0,0,0,0,0,0,0,0,0,-0.0,0.0,0,0,0,0,0,0.0,0.0,0.0,0.0
79,7.9,0,0,0.0,0,0,0,0,0,4096,0,0,0,0,0,0,0,0,0,-0.0,0.0,0,0,0,0,0,0.0,0.0,0.0,0.0
80,8.0,0,0,0.0,0,0,0,0,0,4096,0,0,0,0,0,0,0,0,0,-0.0,0.0,0,0,0,0,0,0.0,0.0,0.0,0.0
81,8.1,0,0,0.0,0,0,0,0,0,0,10,0,0,0,0,0,0,0,0,-0.0,0.0,0,0,0,0,0,0.0,0.0,0.0,0.0
82,8.2,0,0,0.0,0,0,0,0,0,0,0,0,0,0,0,0,0,0,0,-0.0,0.0,0,0,0,0,0,0.0,0.0,0.0,0.0
83,8.3,0,0,0.0,0,0,0,0,0,0,10,0,0,0,0,0,0,0,0,-0.0,0.0,0,0,0,0,0,0.0,0.0,0.0,0.0
84,8.4,0,0,0.0,0,0,0,0,0,0,0,0,0,0,0,0,0,0,0,-0.0,0.0,0,0,0,0,0,0.0,0.0,0.0,0.0
85,8.5,0,0,0.0,0,0,0,0,0,0,0,0,0,0,0,0,0,0,0,-0.0,0.0,0,0,0,0,0,0.0,0.0,0.0,0.0
86,8.6,0,0,0.0,0,0,0,0,0,0,0,0,0,0,0,0,0,0,0,-0.0,0.0,0,0,0,0,0,0.0,0.0,0.0,0.0
87,8.7,0,0,0.0,0,0,0,0,0,0,0,0,0,0,0,0,0,0,0,-0.0,0.0,0,0,0,0,0,0.0,0.0,0.0,0.0
88,8.8,0,0,0.0,0,0,0,0,0,0,0,0,0,0,0,0,0,0,0,-0.0,0.0,0,0,0,0,0,0.0,0.0,0.0,0.0
89,8.9,0,0,0.0,0,0,0,0,0,0,0,0,0,0,0,0,0,0,0,-0.0,0.0,0,0,0,0,0,0.0,0.0,0.0,0.0
90,9.0,0,0,0.0,0,0,0,0,0,0,0,0,0,0,0,0,0,0,0,-0.0,0.0,0,0,0,0,0,0.0,0.0,0.0,0.0
91,9.1,0,0,0.0,0,0,0,0,0,0,0,0,0,0,0,0,0,0,0,-0.0,0.0,0,0,0,0,0,0.0,0.0,0.0,0.0
92,9.2,0,0,0.0,0,0,0,0,0,0,0,0,0,0,0,0,0,0,0,-0.0,0.0,0,0,0,0,0,0.0,0.0,0.0,0.0
93,9.3,0,0,0.0,0,0,0,0,0,0,0,0,0,0,0,0,0,0,0,-0.0,0.0,0,0,0,0,0,0.0,0.0,0.0,0.0
94,9.4,0,0,0.0,0,0,0,0,0,0,0,0,0,0,0,0,0,0,0,-0.0,0.0,0,0,0,0,0,0.0,0.0,0.0,0.0
95,9.5,0,0,0.0,0,0,0,0,0,0,0,0,0,0,0,0,0,0,0,-0.0,0.0,0,0,0,0,0,0.0,0.0,0.0,0.0
96,9.6,0,0,0.0,0,0,0,0,0,0,0,0,0,0,0,0,0,0,0,-0.0,0.0,0,0,0,0,0,0.0,0.0,0.0,0.0
97,9.7,0,0,0.0,0,0,0,0,0,0,0,0,0,0,0,0,0,0,0,-0.0,0.0,0,0,0,0,0,0.0,0.0,0.0,0.0
98,9.8,0,0,0.0,0,0,0,0,0,0,0,0,0,0,0,0,0,0,0,-0.0,0.0,0,0,0,0,0,0.0,0.0,0.0,0.0
99,9.9,0,0,0.0,0,0,0,0,0,0,0,0,0,0,0,0,0,0,0,-0.0,0.0,0,0,0,0,0,0.0,0.0,0.0,0.0
100,10.0,0,0,0.0,0,0,0,0,0,0,0,0,0,0,0,0,0,0,0,-0.0,0.0,0,0,0,0,0,0.0,0.0,0.0,0.0
101,10.1,0,0,0.0,0,0,0,0,0,0,0,0,0,0,0,0,0,0,0,-0.0,0.0,0,0,0,0,0,0.0,0.0,0.0,0.0
102,10.2,0,0,0.0,0,0,0,0,0,0,0,0,0,0,0,0,0,0,0,-0.0,0.0,0,0,0,0,0,0.0,0.0,0.0,0.0
103,10.3,0,0,0.0,0,0,0,0,0,0,0,0,0,0,0,0,0,0,0,-0.0,0.0,0,0,0,0,0,0.0,0.0,0.0,0.0
104,10.4,0,0,0.0,0,0,0,0,0,0,0,0,0,0,0,0,0,0,0,-0.0,0.0,0,0,0,0,0,0.0,0.0,0.0,0.0
105,10.5,0,0,0.0,0,0,0,0,0,0,0,0,0,0,0,0,0,0,0,-0.0,0.0,0,0,0,0,0,0.0,0.0,0.0,0.0
106,10.6,0,0,0.0,0,0,0,0,0,0,0,0,0,0,0,0,0,0,0,-0.0,0.0,0,0,0,0,0,0.0,0.0,0.0,0.0
107,10.7,0,0,0.0,0,0,0,0,0,0,0,0,0,0,0,0,0,0,0,-0.0,0.0,0,0,0,0,0,0.0,0.0,0.0,0.0
108,10.8,0,0,0.0,0,0,0,0,0,0,0,0,0,0,0,0,0,0,0,-0.0,0.0,0,0,0,0,0,0.0,0.0,0.0,0.0
109,10.9,0,0,0.0,0,0,0,0,0,0,0,0,0,0,0,0,0,0,0,-0.0,0.0,0,0,0,0,0,0.0,0.0,0.0,0.0
110,11.0,0,0,0.0,0,0,0,0,0,0,0,0,0,0,0,0,0,0,0,-0.0,0.0,0,0,0,0,0,0.0,0.0,0.0,0.0
111,11.1,0,0,0.0,0,0,0,0,0,0,0,0,0,0,0,0,0,0,0,-0.0,0.0,0,0,0,0,0,0.0,0.0,0.0,0.0
112,11.2,0,0,0.0,0,0,0,0,0,0,0,0,0,0,0,0,0,0,0,-0.0,0.0,0,0,0,0,0,0.0,0.0,0.0,0.0
113,11.3,0,0,0.0,0,0,0,0,0,0,0,0,0,0,0,0,0,0,0,-0.0,0.0,0,0,0,0,0,0.0,0.0,0.0,0.0
114,11.4,0,0,0.0,0,0,0,0,0,0,0,0,0,0,0,0,0,0,0,-0.0,0.0,0,0,0,0,0,0.0,0.0,0.0,0.0
115,11.5,0,0,0.0,0,0,0,0,0,0,0,0,0,0,0,0,0,0,0,-0.0,0.0,0,0,0,0,0,0.0,0.0,0.0,0.0
116,11.6,0,0,0.0,0,0,0,0,0,0,0,0,0,0,0,0,0,0,0,-0.0,0.0,0,0,0,0,0,0.0,0.0,0.0,0.0
117,11.7,0,0,0.0,0,0,0,0,0,0,0,0,0,0,0,0,0,0,0,-0.0,0.0,0,0,0,0,0,0.0,0.0,0.0,0.0
118,11.8,0,0,0.0,0,0,0,0,0,0,0,0,0,0,0,0,0,0,0,-0.0,0.0,0,0,0,0,0,0.0,0.0,0.0,0.0
119,11.9,0,0,0.0,0,0,0,0,0,0,0,0,0,0,0,0,0,0,0,-0.0,0.0,0,0,0,0,0,0.0,0.0,0.0,0.0
120,12.0,0,0,0.0,0,0,0,0,0,0,0,0,0,0,0,0,0,0,0,-0.0,0.0,0,0,0,0,0,0.0,0.0,0.0,0.0
121,12.1,0,0,0.0,0,0,0,0,0,0,0,0,0,0,0,0,0,0,0,-0.0,0.0,0,0,0,0,0,0.0,0.0,0.0,0.0
122,12.2,0,0,0.0,0,0,0,0,0,0,0,0,0,0,0,0,0,0,0,-0.0,0.0,0,0,0,0,0,0.0,0.0,0.0,0.0
123,12.3,0,0,0.0,0,0,0,0,0,0,0,0,0,0,0,0,0,0,0,-0.0,0.0,0,0,0,0,0,0.0,0.0,0.0,0.0
124,12.4,0,0,0.0,0,0,0,0,0,0,0,0,0,0,0,0,0,0,0,-0.0,0.0,0,0,0,0,0,0.0,0.0,0.0,0.0
125,12.5,0,0,0.0,0,0,0,0,0,0,0,0,0,0,0,0,0,0,0,-0.0,0.0,0,0,0,0,0,0.0,0.0,0.0,0.0
126,12.6,0,0,0.0,0,0,0,0,0,0,0,0,0,0,0,0,0,0,0,-0.0,0.0,0,0,0,0,0,0.0,0.0,0.0,0.0
127,12.7,0,0,0.0,0,0,0,0,0,0,0,0,0,0,0,0,0,0,0,-0.0,0.0,0,0,0,0,0,0.0,0.0,0.0,0.0
128,12.8,0,0,0.0,0,0,0,0,0,0,0,0,0,0,0,0,0,0,0,-0.0,0.0,0,0,0,0,0,0.0,0.0,0.0,0.0
129,12.9,0,0,0.0,0,0,0,0,0,0,0,0,0,0,0,0,0,0,0,-0.0,0.0,0,0,0,0,0,0.0,0.0,0.0,0.0
130,13.0,0,0,0.0,0,0,0,0,0,0,0,0,0,0,0,0,0,0,0,-0.0,0.0,0,0,0,0,0,0.0,0.0,0.0,0.0
131,13.1,0,0,0.0,0,0,0,0,0,0,0,0,0,0,0,0,0,0,0,-0.0,0.0,0,0,0,0,0,0.0,0.0,0.0,0.0
132,13.2,0,0,0.0,0,0,0,0,0,0,0,0,0,0,0,0,0,0,0,-0.0,0.0,0,0,0,0,0,0.0,0.0,0.0,0.0
133,13.3,0,0,0.0,0,0,0,0,0,0,0,0,0,0,0,0,0,0,0,-0.0,0.0,0,0,0,0,0,0.0,0.0,0.0,0.0
134,13.4,0,0,0.0,0,0,0,0,0,0,0,0,0,0,0,0,0,0,0,-0.0,0.0,0,0,0,0,0,0.0,0.0,0.0,0.0
135,13.5,0,0,0.0,0,0,0,0,0,0,0,0,0,0,0,0,0,0,0,-0.0,0.0,0,0,0,0,0,0.0,0.0,0.0,0.0
136,13.6,0,0,0.0,0,0,0,0,0,0,0,0,0,0,0,0,0,0,0,-0.0,0.0,0,0,0,0,0,0.0,0.0,0.0,0.0
137,13.7,0,0,0.0,0,0,0,0,0,0,0,0,0,0,0,0,0,0,0,-0.0,0.0,0,0,0,0,0,0.0,0.0,0.0,0.0
138,13.8,0,0,0.0,0,0,0,0,0,0,0,0,0,0,0,0,0,0,0,-0.0,0.0,0,0,0,0,0,0.0,0.0,0.0,0.0
139,13.9,0,0,0.0,0,0,0,0,0,0,0,0,0,0,0,0,0,0,0,-0.0,0.0,0,0,0,0,0,0.0,0.0,0.0,0.0
140,14.0,0,0,0.0,0,0,0,0,0,0,0,0,0,0,0,0,0,0,0,-0.0,0.0,0,0,0,0,0,0.0,0.0,0.0,0.0
141,14.1,0,0,0.0,0,0,0,0,0,0,0,0,0,0,0,0,0,0,0,-0.0,0.0,0,0,0,0,0,0.0,0.0,0.0,0.0
142,14.2,0,0,0.0,0,0,0,0,0,0,0,0,0,0,0,0,0,0,0,-0.0,0.0,0,0,0,0,0,0.0,0.0,0.0,0.0
143,14.3,0,0,0.0,0,0,0,0,0,0,0,0,0,0,0,0,0,0,0,-0.0,0.0,0,0,0,0,0,0.0,0.0,0.0,0.0
144,14.4,0,0,0.0,0,0,0,0,0,0,0,0,0,0,0,0,0,0,0,-0.0,0.0,0,0,0,0,0,0.0,0.0,0.0,0.0
145,14.5,0,0,0.0,0,0,0,0,0,0,0,0,0,0,0,0,0,0,0,-0.0,0.0,0,0,0,0,0,0.0,0.0,0.0,0.0
146,14.6,0,0,0.0,0,0,0,0,0,0,0,0,0,0,0,0,0,0,0,-0.0,0.0,0,0,0,0,0,0.0,0.0,0.0,0.0
147,14.7,0,0,0.0,0,0,0,0,0,0,0,0,0,0,0,0,0,0,0,-0.0,0.0,0,0,0,0,0,0.0,0.0,0.0,0.0
148,14.8,0,0,0.0,0,0,0,0,0,0,0,0,0,0,0,0,0,0,0,-0.0,0.0,0,0,0,0,0,0.0,0.0,0.0,0.0
149,14.9,0,0,0.0,0,0,0,0,0,0,0,0,0,0,0,0,0,0,0,-0.0,0.0,0,0,0,0,0,0.0,0.0,0.0,0.0
150,15.0,0,0,0.0,0,0,0,0,0,0,0,0,0,0,0,0,0,0,0,-0.0,0.0,0,0,0,0,0,0.0,0.0,0.0,0.0
151,15.1,0,0,0.0,0,0,0,0,0,0,0,0,0,0,0,0,0,0,0,-0.0,0.0,0,0,0,0,0,0.0,0.0,0.0,0.0
152,15.2,0,0,0.0,0,0,0,0,0,0,0,0,0,0,0,0,0,0,0,-0.0,0.0,0,0,0,0,0,0.0,0.0,0.0,0.0
153,15.3,0,0,0.0,0,0,0,0,0,0,0,0,0,0,0,0,0,0,0,-0.0,0.0,0,0,0,0,0,0.0,0.0,0.0,0.0
154,15.4,0,0,0.0,0,0,0,0,0,4096,0,0,0,0,0,0,0,0,0,-0.0,0.0,0,0,0,0,0,0.0,0.0,0.0,0.0
155,15.5,0,0,0.0,0,0,0,0,0,4096,0,0,0,0,0,0,0,0,0,-0.0,0.0,0,0,0,0,0,0.0,0.0,0.0,0.0
156,15.6,0,0,0.0,0,0,0,0,0,0,0,0,0,0,0,0,0,0,0,-0.0,0.0,0,0,0,0,0,0.0,0.0,0.0,0.0
157,15.7,0,0,0.0,0,0,0,0,0,0,0,0,0,0,0,0,0,0,0,-0.0,0.0,0,0,0,0,0,0.0,0.0,0.0,0.0
158,15.8,0,0,0.0,0,0,0,0,0,0,0,0,0,0,0,0,0,0,0,-0.0,0.0,0,0,0,0,0,0.0,0.0,0.0,0.0
159,15.9,0,0,0.0,0,0,0,0,0,0,0,0,0,0,0,0,0,0,0,-0.0,0.0,0,0,0,0,0,0.0,0.0,0.0,0.0
160,16.0,0,0,0.0,0,0,0,0,0,0,0,0,0,0,0,0,0,0,0,-0.0,0.0,0,0,0,0,0,0.0,0.0,0.0,0.0
161,16.1,0,0,0.0,0,0,0,0,0,0,0,0,0,0,0,0,0,0,0,-0.0,0.0,0,0,0,0,0,0.0,0.0,0.0,0.0
162,16.2,0,0,0.0,0,0,0,0,0,0,0,0,0,0,0,0,0,0,0,-0.0,0.0,0,0,0,0,0,0.0,0.0,0.0,0.0
163,16.3,0,0,0.0,0,0,0,0,0,0,0,0,0,0,0,0,0,0,0,-0.0,0.0,0,0,0,0,0,0.0,0.0,0.0,0.0
164,16.4,0,0,0.0,0,0,0,0,0,0,0,0,0,0,0,0,0,0,0,-0.0,0.0,0,0,0,0,0,0.0,0.0,0.0,0.0
165,16.5,0,0,0.0,0,0,0,0,0,0,0,0,0,0,0,0,0,0,0,-0.0,0.0,0,0,0,0,0,0.0,0.0,0.0,0.0
166,16.6,0,0,0.0,0,0,0,0,0,0,0,0,0,0,0,0,0,0,0,-0.0,0.0,0,0,0,0,0,0.0,0.0,0.0,0.0
167,16.7,0,0,0.0,0,0,0,0,0,0,0,0,0,0,0,0,0,0,0,-0.0,0.0,0,0,0,0,0,0.0,0.0,0.0,0.0
168,16.8,0,0,0.0,0,0,0,0,0,0,0,0,0,0,0,0,0,0,0,-0.0,0.0,0,0,0,0,0,0.0,0.0,0.0,0.0
169,16.9,0,0,0.0,0,0,0,0,0,0,0,0,0,0,0,0,0,0,0,-0.0,0.0,0,0,0,0,0,0.0,0.0,0.0,0.0
170,17.0,0,0,0.0,0,0,0,0,0,0,0,0,0,0,0,0,0,0,0,-0.0,0.0,0,0,0,0,0,0.0,0.0,0.0,0.0
171,17.1,0,0,0.0,0,0,0,0,0,0,0,0,0,0,0,0,0,0,0,-0.0,0.0,0,0,0,0,0,0.0,0.0,0.0,0.0
172,17.2,0,0,0.0,0,0,0,0,0,0,0,0,0,0,0,0,0,0,0,-0.0,0.0,0,0,0,0,0,0.0,0.0,0.0,0.0
173,17.3,0,0,0.0,0,0,0,0,0,8192,0,0,0,0,0,0,0,0,0,-0.0,0.0,0,0,0,0,0,0.0,0.0,0.0,0.0
174,17.4,0,0,0.0,0,0,0,0,0,0,0,0,0,0,0,0,0,0,0,-0.0,0.0,0,0,0,0,0,0.0,0.0,0.0,0.0
175,17.5,0,0,0.0,0,0,0,0,0,0,0,0,0,0,0,0,0,0,0,-0.0,0.0,0,0,0,0,0,0.0,0.0,0.0,0.0
176,17.6,0,0,0.0,0,0,0,0,0,0,0,0,0,0,0,0,0,0,0,-0.0,0.0,0,0,0,0,0,0.0,0.0,0.0,0.0
177,17.7,0,0,0.0,0,0,0,0,0,0,0,0,0,0,0,0,0,0,0,-0.0,0.0,0,0,0,0,0,0.0,0.0,0.0,0.0
178,17.8,0,0,0.0,0,0,0,0,0,0,0,0,0,0,0,0,0,0,0,-0.0,0.0,0,0,0,0,0,0.0,0.0,0.0,0.0
179,17.9,0,0,0.0,0,0,0,0,0,0,0,0,0,0,0,0,0,0,0,-0.0,0.0,0,0,0,0,0,0.0,0.0,0.0,0.0
180,18.0,0,0,0.0,0,0,0,0,0,0,0,0,0,0,0,0,0,0,0,-0.0,0.0,0,0,0,0,0,0.0,0.0,0.0,0.0
181,18.1,0,0,0.0,0,0,0,0,0,73728,0,0,0,0,0,0,0,0,0,-0.0,0.0,0,0,0,0,0,0.0,0.0,0.0,0.0
182,18.2,0,0,0.0,0,0,0,0,0,0,0,0,0,0,0,0,0,0,0,-0.0,0.0,0,0,0,0,0,0.0,0.0,0.0,0.0
183,18.3,0,0,0.0,0,0,0,0,0,0,0,0,0,0,0,0,0,0,0,-0.0,0.0,0,0,0,0,0,0.0,0.0,0.0,0.0
184,18.4,0,0,0.0,0,0,0,0,0,0,0,0,0,0,0,0,0,0,0,-0.0,0.0,0,0,0,0,0,0.0,0.0,0.0,0.0
185,18.5,0,0,0.0,0,0,0,0,0,0,0,0,0,0,0,0,0,0,0,-0.0,0.0,0,0,0,0,0,0.0,0.0,0.0,0.0
186,18.6,0,0,0.0,0,0,0,0,0,0,0,0,0,0,0,0,0,0,0,-0.0,0.0,0,0,0,0,0,0.0,0.0,0.0,0.0
187,18.7,0,0,0.0,0,0,0,0,0,0,0,0,0,0,0,0,0,0,0,-0.0,0.0,0,0,0,0,0,0.0,0.0,0.0,0.0
188,18.8,0,0,0.0,0,0,0,0,0,0,0,0,0,0,0,0,0,0,0,-0.0,0.0,0,0,0,0,0,0.0,0.0,0.0,0.0
189,18.9,0,0,0.0,0,0,0,0,0,0,0,0,0,0,0,0,0,0,0,-0.0,0.0,0,0,0,0,0,0.0,0.0,0.0,0.0
190,19.0,0,0,0.0,0,0,0,0,0,0,0,0,0,0,0,0,0,0,0,-0.0,0.0,0,0,0,0,0,0.0,0.0,0.0,0.0
191,19.1,0,0,0.0,0,0,0,0,0,0,0,0,0,0,0,0,0,0,0,-0.0,0.0,0,0,0,0,0,0.0,0.0,0.0,0.0
192,19.2,0,0,0.0,0,0,0,0,0,0,0,0,0,0,0,0,0,0,0,-0.0,0.0,0,0,0,0,0,0.0,0.0,0.0,0.0
193,19.3,0,0,0.0,0,0,0,0,0,0,0,0,0,0,0,0,0,0,0,-0.0,0.0,0,0,0,0,0,0.0,0.0,0.0,0.0
194,19.4,0,0,0.0,0,0,0,0,0,0,0,0,0,0,0,0,0,0,0,-0.0,0.0,0,0,0,0,0,0.0,0.0,0.0,0.0
195,19.5,0,0,0.0,0,0,0,0,0,0,0,0,0,0,0,0,0,0,0,-0.0,0.0,0,0,0,0,0,0.0,0.0,0.0,0.0
196,19.6,0,0,0.0,0,0,0,0,0,0,0,0,0,0,0,0,0,0,0,-0.0,0.0,0,0,0,0,0,0.0,0.0,0.0,0.0
197,19.7,0,0,0.0,0,0,0,0,0,0,0,0,0,0,0,0,0,0,0,-0.0,0.0,0,0,0,0,0,0.0,0.0,0.0,0.0
198,19.8,0,0,0.0,0,0,0,0,0,0,0,0,0,0,0,0,0,0,0,-0.0,0.0,0,0,0,0,0,0.0,0.0,0.0,0.0
199,19.9,0,0,0.0,0,0,0,0,0,0,0,0,0,0,0,0,0,0,0,-0.0,0.0,0,0,0,0,0,0.0,0.0,0.0,0.0
200,20.0,0,0,0.0,0,0,0,0,0,0,0,0,0,0,0,0,0,0,0,-0.0,0.0,0,0,0,0,0,0.0,0.0,0.0,0.0
201,20.1,0,0,0.0,0,0,0,0,0,0,0,0,0,0,0,0,0,0,0,-0.0,0.0,0,0,0,0,0,0.0,0.0,0.0,0.0
202,20.2,0,0,0.0,0,0,0,0,0,0,0,0,0,0,0,0,0,0,0,-0.0,0.0,0,0,0,0,0,0.0,0.0,0.0,0.0
203,20.3,0,0,0.0,0,0,0,0,0,0,0,0,0,0,0,0,0,0,0,-0.0,0.0,0,0,0,0,0,0.0,0.0,0.0,0.0
204,20.4,0,0,0.0,0,0,0,0,0,0,0,0,0,0,0,0,0,0,0,-0.0,0.0,0,0,0,0,0,0.0,0.0,0.0,0.0
205,20.5,0,0,0.0,0,0,0,0,0,0,0,0,0,0,0,0,0,0,0,-0.0,0.0,0,0,0,0,0,0.0,0.0,0.0,0.0
206,20.6,0,0,0.0,0,0,0,0,0,0,0,0,0,0,0,0,0,0,0,-0.0,0.0,0,0,0,0,0,0.0,0.0,0.0,0.0
207,20.7,0,0,0.0,0,0,0,0,0,0,0,0,0,0,0,0,0,0,0,-0.0,0.0,0,0,0,0,0,0.0,0.0,0.0,0.0
208,20.8,0,0,0.0,0,0,0,0,0,0,0,0,0,0,0,0,0,0,0,-0.0,0.0,0,0,0,0,0,0.0,0.0,0.0,0.0
209,20.9,0,0,0.0,0,0,0,0,0,0,0,0,0,0,0,0,0,0,0,-0.0,0.0,0,0,0,0,0,0.0,0.0,0.0,0.0
210,21.0,0,0,0.0,0,0,0,0,0,0,0,0,0,0,0,0,0,0,0,-0.0,0.0,0,0,0,0,0,0.0,0.0,0.0,0.0
211,21.1,0,0,0.0,0,0,0,0,0,0,0,0,0,0,0,0,0,0,0,-0.0,0.0,0,0,0,0,0,0.0,0.0,0.0,0.0
212,21.2,0,0,0.0,0,0,0,0,0,0,0,0,0,0,0,0,0,0,0,-0.0,0.0,0,0,0,0,0,0.0,0.0,0.0,0.0
213,21.3,0,0,0.0,0,0,0,0,0,0,0,0,0,0,0,0,0,0,0,-0.0,0.0,0,0,0,0,0,0.0,0.0,0.0,0.0
214,21.4,0,0,0.0,0,0,0,0,0,0,0,0,0,0,0,0,0,0,0,-0.0,0.0,0,0,0,0,0,0.0,0.0,0.0,0.0
215,21.5,0,0,0.0,0,0,0,0,0,0,0,0,0,0,0,0,0,0,0,-0.0,0.0,0,0,0,0,0,0.0,0.0,0.0,0.0
216,21.6,0,0,0.0,0,0,0,0,0,0,0,0,0,0,0,0,0,0,0,-0.0,0.0,0,0,0,0,0,0.0,0.0,0.0,0.0
217,21.7,0,0,0.0,0,0,0,0,0,0,0,0,0,0,0,0,0,0,0,-0.0,0.0,0,0,0,0,0,0.0,0.0,0.0,0.0
218,21.8,0,0,0.0,0,0,0,0,0,0,0,0,0,0,0,0,0,0,0,-0.0,0.0,0,0,0,0,0,0.0,0.0,0.0,0.0
219,21.9,0,0,0.0,0,0,0,0,0,0,0,0,0,0,0,0,0,0,0,-0.0,0.0,0,0,0,0,0,0.0,0.0,0.0,0.0
220,22.0,0,0,0.0,0,0,0,0,0,0,0,0,0,0,0,0,0,0,0,-0.0,0.0,0,0,0,0,0,0.0,0.0,0.0,0.0
221,22.1,0,0,0.0,0,0,0,0,0,0,0,0,0,0,0,0,0,0,0,-0.0,0.0,0,0,0,0,0,0.0,0.0,0.0,0.0
222,22.2,0,0,0.0,0,0,0,0,0,0,0,0,0,0,0,0,0,0,0,-0.0,0.0,0,0,0,0,0,0.0,0.0,0.0,0.0
223,22.3,0,0,0.0,0,0,0,0,0,0,0,0,0,0,0,0,0,0,0,-0.0,0.0,0,0,0,0,0,0.0,0.0,0.0,0.0
224,22.4,0,0,0.0,0,0,0,0,0,0,0,0,0,0,0,0,0,0,0,-0.0,0.0,0,0,0,0,0,0.0,0.0,0.0,0.0
225,22.5,0,0,0.0,0,0,0,0,0,0,0,0,0,0,0,0,0,0,0,-0.0,0.0,0,0,0,0,0,0.0,0.0,0.0,0.0
226,22.6,0,0,0.0,0,0,0,0,0,0,0,0,0,0,0,0,0,0,0,-0.0,0.0,0,0,0,0,0,0.0,0.0,0.0,0.0
227,22.7,0,0,0.0,0,0,0,0,0,0,0,0,0,0,0,0,0,0,0,-0.0,0.0,0,0,0,0,0,0.0,0.0,0.0,0.0
228,22.8,0,0,0.0,0,0,0,0,0,0,0,0,0,0,0,0,0,0,0,-0.0,0.0,0,0,0,0,0,0.0,0.0,0.0,0.0
229,22.9,0,0,0.0,0,0,0,0,0,0,0,0,0,0,0,0,0,0,0,-0.0,0.0,0,0,0,0,0,0.0,0.0,0.0,0.0
230,23.0,0,0,0.0,0,0,0,0,0,0,0,0,0,0,0,0,0,0,0,-0.0,0.0,0,0,0,0,0,0.0,0.0,0.0,0.0
231,23.1,0,0,0.0,0,0,0,0,0,0,0,0,0,0,0,0,0,0,0,-0.0,0.0,0,0,0,0,0,0.0,0.0,0.0,0.0
232,23.2,0,0,0.0,0,0,0,0,0,0,0,0,0,0,0,0,0,0,0,-0.0,0.0,0,0,0,0,0,0.0,0.0,0.0,0.0
233,23.3,0,0,0.0,0,0,0,0,0,0,0,0,0,0,0,0,0,0,0,-0.0,0.0,0,0,0,0,0,0.0,0.0,0.0,0.0
234,23.4,0,0,0.0,0,0,0,0,0,0,0,0,0,0,0,0,0,0,0,-0.0,0.0,0,0,0,0,0,0.0,0.0,0.0,0.0
235,23.5,0,0,0.0,0,0,0,0,0,0,0,0,0,0,0,0,0,0,0,-0.0,0.0,0,0,0,0,0,0.0,0.0,0.0,0.0
236,23.6,0,0,0.0,0,0,0,0,0,0,0,0,0,0,0,0,0,0,0,-0.0,0.0,0,0,0,0,0,0.0,0.0,0.0,0.0
237,23.7,0,0,0.0,0,0,0,0,0,0,0,0,0,0,0,0,0,0,0,-0.0,0.0,0,0,0,0,0,0.0,0.0,0.0,0.0
238,23.8,0,0,0.0,0,0,0,0,0,0,0,0,0,0,0,0,0,0,0,-0.0,0.0,0,0,0,0,0,0.0,0.0,0.0,0.0
239,23.9,0,0,0.0,0,0,0,0,0,0,0,0,0,0,0,0,0,0,0,-0.0,0.0,0,0,0,0,0,0.0,0.0,0.0,0.0
240,24.0,0,0,0.0,0,0,0,0,0,0,0,0,0,0,0,0,0,0,0,-0.0,0.0,0,0,0,0,0,0.0,0.0,0.0,0.0
241,24.1,0,0,0.0,0,0,0,0,0,0,0,0,0,0,0,0,0,0,0,-0.0,0.0,0,0,0,0,0,0.0,0.0,0.0,0.0
242,24.2,0,0,0.0,0,0,0,0,0,0,0,0,0,0,0,0,0,0,0,-0.0,0.0,0,0,0,0,0,0.0,0.0,0.0,0.0
243,24.3,0,0,0.0,0,0,0,0,0,0,0,0,0,0,0,0,0,0,0,-0.0,0.0,0,0,0,0,0,0.0,0.0,0.0,0.0
244,24.4,0,0,0.0,0,0,0,0,0,0,0,0,0,0,0,0,0,0,0,-0.0,0.0,0,0,0,0,0,0.0,0.0,0.0,0.0
245,24.5,0,0,0.0,0,0,0,0,0,0,0,0,0,0,0,0,0,0,0,-0.0,0.0,0,0,0,0,0,0.0,0.0,0.0,0.0
246,24.6,0,0,0.0,0,0,0,0,0,0,0,0,0,0,0,0,0,0,0,-0.0,0.0,0,0,0,0,0,0.0,0.0,0.0,0.0
247,24.7,0,0,0.0,0,0,0,0,0,0,0,0,0,0,0,0,0,0,0,-0.0,0.0,0,0,0,0,0,0.0,0.0,0.0,0.0
248,24.8,0,0,0.0,0,0,0,0,0,0,0,0,0,0,0,0,0,0,0,-0.0,0.0,0,0,0,0,0,0.0,0.0,0.0,0.0
249,24.9,0,0,0.0,0,0,0,0,0,0,0,0,0,0,0,0,0,0,0,-0.0,0.0,0,0,0,0,0,0.0,0.0,0.0,0.0
250,25.0,8320,0,0.0,0,0,0,0,0,0,0,0,0,0,0,0,0,0,0,-0.0,0.0,0,0,0,0,0,0.0,0.0,0.0,0.0
251,25.1,0,0,0.0,0,0,0,0,0,0,0,0,0,0,0,0,0,0,0,-0.0,0.0,0,0,0,0,0,0.0,0.0,0.0,0.0
252,25.2,0,0,0.0,0,0,0,0,0,0,0,0,0,0,0,0,0,0,0,-0.0,0.0,0,0,0,0,0,0.0,0.0,0.0,0.0
253,25.3,0,0,0.0,0,0,0,0,0,0,0,0,0,0,0,0,0,0,0,-0.0,0.0,0,0,0,0,0,0.0,0.0,0.0,0.0
254,25.4,0,0,0.0,0,0,0,0,0,2232320,0,0,0,0,0,0,0,0,0,-0.0,0.0,0,0,0,0,0,0.0,0.0,0.0,0.0
255,25.5,0,0,0.0,0,0,0,0,0,1671168,0,0,0,0,0,0,0,0,0,-0.0,0.0,0,0,0,0,0,0.0,0.0,0.0,0.0
256,25.6,0,0,0.0,0,0,0,0,0,319488,0,0,0,0,0,0,0,0,0,-0.0,0.0,0,0,0,0,0,0.0,0.0,0.0,0.0
257,25.7,0,0,0.0,0,0,0,0,0,24576,0,0,0,0,0,0,0,0,0,-0.0,0.0,0,0,0,0,0,0.0,0.0,0.0,0.0
258,25.8,0,0,0.0,0,0,0,0,0,53248,0,0,0,0,0,0,0,0,0,-0.0,0.0,0,0,0,0,0,0.0,0.0,0.0,0.0
259,25.9,0,0,0.0,0,0,0,0,0,0,0,0,0,0,0,0,0,0,0,-0.0,0.0,0,0,0,0,0,0.0,0.0,0.0,0.0
260,26.0,0,0,0.0,0,0,0,0,0,12288,0,0,0,0,0,0,0,0,0,-0.0,0.0,0,0,0,0,0,0.0,0.0,0.0,0.0
261,26.1,0,0,0.0,0,0,0,0,0,0,0,0,0,0,0,0,0,0,0,-0.0,0.0,0,0,0,0,0,0.0,0.0,0.0,0.0
262,26.2,0,0,0.0,0,0,0,0,0,0,10,0,0,0,0,0,0,0,0,-0.0,0.0,0,0,0,0,0,0.0,0.0,0.0,0.0
263,26.3,0,0,0.0,0,0,0,0,0,0,10,0,0,0,0,0,0,0,0,-0.0,0.0,0,0,0,0,0,0.0,0.0,0.0,0.0
264,26.4,0,0,0.0,0,0,0,0,0,0,10,0,0,0,0,0,0,0,0,-0.0,0.0,0,0,0,0,0,0.0,0.0,0.0,0.0
265,26.5,0,0,0.0,0,0,0,0,0,0,0,0,0,0,0,0,0,0,0,-0.0,0.0,0,0,0,0,0,0.0,0.0,0.0,0.0
266,26.6,0,0,0.0,0,0,0,0,0,0,0,0,0,0,0,0,0,0,0,-0.0,0.0,0,0,0,0,0,0.0,0.0,0.0,0.0
267,26.7,0,0,0.0,0,0,0,0,0,0,0,0,0,0,0,0,0,0,0,-0.0,0.0,0,0,0,0,0,0.0,0.0,0.0,0.0
268,26.8,0,0,0.0,0,0,0,0,0,0,0,0,0,0,0,0,0,0,0,-0.0,0.0,0,0,0,0,0,0.0,0.0,0.0,0.0
269,26.9,0,0,0.0,0,0,0,0,0,0,0,0,0,0,0,0,0,0,0,-0.0,0.0,0,0,0,0,0,0.0,0.0,0.0,0.0
270,27.0,0,1120,0.0,0,0,0,0,0,0,0,0,0,0,0,0,0,0,0,-0.0,44.8,0,0,0,0,0,0.0,0.0,0.0,0.0
271,27.1,0,0,0.0,0,0,0,0,0,0,0,0,0,0,0,0,0,0,0,-0.0,44.8,0,0,0,0,0,0.0,0.0,0.0,0.0
